train_loss,test_loss
2.1060915,0.12384067
